{
  "3_3": {
    "green_NS": 10.809333960691895,
    "green_EW": 10.960995495075537
  },
  "3_2": {
    "green_NS": 11.913035991139992,
    "green_EW": 10.086704664581118
  },
  "2_3": {
    "green_NS": 9.879061235247475,
    "green_EW": 11.820292480523381
  },
  "1_2": {
    "green_NS": 9.780825887247842,
    "green_EW": 12.241325555634315
  },
  "3_0": {
    "green_NS": 14.1429274491161,
    "green_EW": 8.045312446184992
  },
  "1_3": {
    "green_NS": 9.019004802987773,
    "green_EW": 12.96302572535734
  },
  "0_3": {
    "green_NS": 8.013738121913454,
    "green_EW": 14.034846665236433
  },
  "3_1": {
    "green_NS": 13.02020410510795,
    "green_EW": 8.93101771865356
  },
  "2_0": {
    "green_NS": 13.242971811139887,
    "green_EW": 8.863821585378744
  },
  "1_0": {
    "green_NS": 11.785311204146641,
    "green_EW": 9.886476270991478
  },
  "1_1": {
    "green_NS": 10.66504867144114,
    "green_EW": 11.336394083003437
  },
  "2_2": {
    "green_NS": 10.615642695201512,
    "green_EW": 10.515850521094228
  },
  "0_0": {
    "green_NS": 10.823433646311337,
    "green_EW": 10.65560376712123
  },
  "0_2": {
    "green_NS": 8.859206435630975,
    "green_EW": 12.87514933972028
  },
  "2_1": {
    "green_NS": 12.409316729180519,
    "green_EW": 9.683941313287955
  },
  "0_1": {
    "green_NS": 9.493250219443409,
    "green_EW": 12.366798456157861
  }
}