{
  "7_3": {
    "green_NS": 20.087847586798148,
    "green_EW": 5.168629781639263
  },
  "8_8": {
    "green_NS": 16.761023146195036,
    "green_EW": 10.286950726224347
  },
  "8_4": {
    "green_NS": 20.48980943941142,
    "green_EW": 1.9197852580934356
  },
  "2_6": {
    "green_NS": 4.4662755755116414,
    "green_EW": 21.363770072046886
  },
  "8_6": {
    "green_NS": 18.622414428859635,
    "green_EW": 6.968579280507994
  },
  "3_5": {
    "green_NS": 5.605047264901194,
    "green_EW": 18.082683289689797
  },
  "3_7": {
    "green_NS": 5.210909500187448,
    "green_EW": 20.12735540380213
  },
  "6_1": {
    "green_NS": 20.775171027438816,
    "green_EW": 4.488477403613748
  },
  "4_1": {
    "green_NS": 19.737064104627585,
    "green_EW": 7.546163657147176
  },
  "3_9": {
    "green_NS": 2.9103673862272474,
    "green_EW": 24.253434599366138
  },
  "7_9": {
    "green_NS": 6.613828605935434,
    "green_EW": 18.15821106222973
  },
  "5_0": {
    "green_NS": 20.55968332345306,
    "green_EW": 5.311541752298581
  },
  "1_9": {
    "green_NS": 2.9891568739295904,
    "green_EW": 24.837692192699425
  },
  "2_5": {
    "green_NS": 6.980708805182894,
    "green_EW": 18.90622093139843
  },
  "2_8": {
    "green_NS": 5.606497472548783,
    "green_EW": 23.27978255626886
  },
  "5_8": {
    "green_NS": 2.3697235322227863,
    "green_EW": 18.59805483163883
  },
  "1_4": {
    "green_NS": 2.2610501103131453,
    "green_EW": 19.349326507674952
  },
  "3_8": {
    "green_NS": 2.664115392970629,
    "green_EW": 22.042299275256923
  },
  "6_7": {
    "green_NS": 5.223487233494296,
    "green_EW": 17.61603333160386
  },
  "5_2": {
    "green_NS": 20.58604682995913,
    "green_EW": 5.731124988959862
  },
  "4_9": {
    "green_NS": 0.6103560876418647,
    "green_EW": 21.545408764052784
  },
  "2_0": {
    "green_NS": 18.266565190791834,
    "green_EW": 7.365873360828041
  },
  "6_4": {
    "green_NS": 18.65386382125228,
    "green_EW": 6.602816735257797
  },
  "2_4": {
    "green_NS": 6.193784536039808,
    "green_EW": 17.92009569496628
  },
  "9_9": {
    "green_NS": 15.485115048150991,
    "green_EW": 5.092273347245626
  },
  "4_4": {
    "green_NS": 15.97222328243844,
    "green_EW": 6.455141766700719
  },
  "0_8": {
    "green_NS": 0.9117954473900862,
    "green_EW": 24.588067703178808
  },
  "3_3": {
    "green_NS": 8.889451033101487,
    "green_EW": 16.843338813355423
  },
  "4_6": {
    "green_NS": 3.261789526077721,
    "green_EW": 18.477602906431216
  },
  "9_6": {
    "green_NS": 19.137651524566962,
    "green_EW": 4.374163308295293
  },
  "1_2": {
    "green_NS": 8.147774122602211,
    "green_EW": 17.15596009208445
  },
  "8_5": {
    "green_NS": 19.074673200239165,
    "green_EW": 6.051996919380269
  },
  "0_1": {
    "green_NS": 6.759048903671587,
    "green_EW": 17.848023925463107
  },
  "6_9": {
    "green_NS": 5.694120480089973,
    "green_EW": 17.711182508604217
  },
  "2_9": {
    "green_NS": 3.1915080010655097,
    "green_EW": 23.371832717490964
  },
  "0_2": {
    "green_NS": 7.684236284083418,
    "green_EW": 18.65043409523361
  },
  "1_1": {
    "green_NS": 9.499419090970758,
    "green_EW": 16.49059882382202
  },
  "8_9": {
    "green_NS": 5.931320043914358,
    "green_EW": 17.76224264747822
  },
  "3_1": {
    "green_NS": 19.76304928018068,
    "green_EW": 1.570867893932972
  },
  "7_8": {
    "green_NS": 9.321882393399871,
    "green_EW": 16.55459518091393
  },
  "5_9": {
    "green_NS": 5.725343058304443,
    "green_EW": 19.085746075314475
  },
  "8_2": {
    "green_NS": 23.039334231701126,
    "green_EW": 0.8275129186479303
  },
  "2_3": {
    "green_NS": 6.701766561001257,
    "green_EW": 18.095027377305364
  },
  "9_4": {
    "green_NS": 20.709734895960253,
    "green_EW": 1.803180884638631
  },
  "0_3": {
    "green_NS": 7.1473155537252335,
    "green_EW": 18.877916519301362
  },
  "0_5": {
    "green_NS": 5.785267714246483,
    "green_EW": 20.827487606269564
  },
  "0_7": {
    "green_NS": 0.653339230452524,
    "green_EW": 23.720494417856674
  },
  "6_6": {
    "green_NS": 17.313275821172724,
    "green_EW": 6.989996562496166
  },
  "9_5": {
    "green_NS": 19.34740372165754,
    "green_EW": 3.9914665070010296
  },
  "9_7": {
    "green_NS": 18.267092893452375,
    "green_EW": 7.2950332138803295
  },
  "3_6": {
    "green_NS": 4.871744821538408,
    "green_EW": 19.07909457506132
  },
  "8_3": {
    "green_NS": 21.652393934499955,
    "green_EW": 6.442366523347199
  },
  "0_4": {
    "green_NS": 6.2699331568938765,
    "green_EW": 20.088420007474564
  },
  "1_0": {
    "green_NS": 18.384401491888518,
    "green_EW": 7.609215382530206
  },
  "9_0": {
    "green_NS": 25.43241024673412,
    "green_EW": 2.1863069961068824
  },
  "7_5": {
    "green_NS": 18.73526316685677,
    "green_EW": 3.5703166949407805
  },
  "0_0": {
    "green_NS": 14.947750946944689,
    "green_EW": 3.62743529635446
  },
  "1_7": {
    "green_NS": 3.116724033150934,
    "green_EW": 21.672164867982815
  },
  "5_6": {
    "green_NS": 5.066937733838965,
    "green_EW": 17.933489358222914
  },
  "5_1": {
    "green_NS": 19.816982737549484,
    "green_EW": 2.8665299795267853
  },
  "2_7": {
    "green_NS": 2.929603860730026,
    "green_EW": 21.487784334184173
  },
  "6_0": {
    "green_NS": 22.397918058916492,
    "green_EW": 2.465478403553082
  },
  "7_7": {
    "green_NS": 16.06549811710545,
    "green_EW": 8.560618659046083
  },
  "0_9": {
    "green_NS": 1.1108552214890435,
    "green_EW": 25.66508126190332
  },
  "7_1": {
    "green_NS": 22.412341084027116,
    "green_EW": 3.8705850476618266
  },
  "1_5": {
    "green_NS": 4.559572487911366,
    "green_EW": 20.480265885672384
  },
  "5_5": {
    "green_NS": 15.11432421503956,
    "green_EW": 5.913880028533489
  },
  "1_3": {
    "green_NS": 5.906795793911645,
    "green_EW": 16.920986696150454
  },
  "1_8": {
    "green_NS": 2.996239823462415,
    "green_EW": 23.186239656850848
  },
  "4_5": {
    "green_NS": 7.056451024455255,
    "green_EW": 17.49612723952921
  },
  "5_4": {
    "green_NS": 18.052331904730817,
    "green_EW": 7.517396228946373
  },
  "4_3": {
    "green_NS": 16.850042125777804,
    "green_EW": 6.376253891680096
  },
  "4_0": {
    "green_NS": 19.815865487934612,
    "green_EW": 2.1870875476200533
  },
  "9_3": {
    "green_NS": 22.89605553836736,
    "green_EW": 4.271305766329279
  },
  "9_2": {
    "green_NS": 22.931680763329666,
    "green_EW": 2.7076090857507076
  },
  "6_5": {
    "green_NS": 17.90123374787616,
    "green_EW": 7.370278632051001
  },
  "3_2": {
    "green_NS": 17.30357928250181,
    "green_EW": 7.61052426448928
  },
  "1_6": {
    "green_NS": 5.750164593599858,
    "green_EW": 21.531044751287688
  },
  "5_7": {
    "green_NS": 4.762622565404278,
    "green_EW": 18.45770857456166
  },
  "0_6": {
    "green_NS": 4.29906708261052,
    "green_EW": 22.323232266671408
  },
  "6_2": {
    "green_NS": 19.289640643607473,
    "green_EW": 4.783984136734117
  },
  "8_7": {
    "green_NS": 17.03139770374342,
    "green_EW": 6.471572902088923
  },
  "8_1": {
    "green_NS": 22.00528542953037,
    "green_EW": 2.6183049157535927
  },
  "7_4": {
    "green_NS": 20.192079465365328,
    "green_EW": 7.839990239164077
  },
  "8_0": {
    "green_NS": 23.972961964426666,
    "green_EW": 3.1398917232247965
  },
  "7_6": {
    "green_NS": 17.047285095691194,
    "green_EW": 6.40137255816723
  },
  "4_2": {
    "green_NS": 17.448543094793266,
    "green_EW": 4.5873051558174485
  },
  "9_8": {
    "green_NS": 16.95530429543112,
    "green_EW": 7.050604227039724
  },
  "6_8": {
    "green_NS": 3.4327897308059594,
    "green_EW": 18.57816117994092
  },
  "2_1": {
    "green_NS": 17.643597400162985,
    "green_EW": 4.9449960848219785
  },
  "5_3": {
    "green_NS": 17.944809186394416,
    "green_EW": 7.555854807899585
  },
  "4_8": {
    "green_NS": 6.942540731993703,
    "green_EW": 21.002322690032994
  },
  "6_3": {
    "green_NS": 18.700607392311678,
    "green_EW": 7.003871553577401
  },